{
  "project_info": {
    "project_number": "997051713461",
    "project_id": "quizmaquininhadoton",
    "storage_bucket": "quizmaquininhadoton.firebasestorage.app"
  },
  "client": [
    {
      "client_info": {
        "mobilesdk_app_id": "1:997051713461:android:2be548ee1f3a9d231e7bfc",
        "android_client_info": {
          "package_name": "com.quizmaquininhadoton"
        }
      },
      "oauth_client": [],
      "api_key": [
        {
          "current_key": "AIzaSyAdiCBtODW6Oz2VG3NPF7yEvGEV8SqS3Gs"
        }
      ],
      "services": {
        "appinvite_service": {
          "other_platform_oauth_client": []
        }
      }
    }
  ],
  "configuration_version": "1"
}